PB1,Tracked,"Maciej Paczkowski",,"25 Cambie Crescent",,,CO45DW,Colchester,UK,Maciej,paczkowski.maciej@yahoo.com,359429,1,0.7,non
PB1,Tracked,"Paul Squires",,"55 Hazel Way",Fetcham,,"KT22 9QF","eatherhead Surrey",UK,Paul,pr_squires@yahoo.co.uk,359431,1,0.2,non
PB1,2ndclass,"Beata Sarnat",,"41Russell Road",,,Nw96ab,London,UK,Beata,beti12114@wp.pl,359434,1,0.1,pkt
PB1,Tracked,"Piotr Cylinski",,"44 caledonian crescent",,,"DG12 5JQ",Annan,UK,Piotr,donrikardo111@wp.pl,359440,1,0.3,non
PB1,Tracked,"Edyta Gilarski",,"139 Ings Lane",,,"OL12 7LQ",Rochdale,UK,Edyta,edyta_g1@o2.pl,359442,1,0.6,non
PB1,Tracked,"stephen macleod",,"13 cearn hiort",stornoway,,hs12ye,"isle of lewis",UK,stephen,stephenmacleod69@hotmail.co.uk,359448,1,1.3,non
PB1,2ndclass,"Steve Buck",,"Flat 16, Clare Court","Prescott Street",,"HX1 2QA",Halifax,UK,Steve,stevebuckuk@googlemail.com,359449,1,0.2,pkt
PB1,2ndclass,"henry evans",,10a,"flodden road",,"se5 9lh",camberwell,UK,henry,henryevans@hotmail.co.uk,359451,1,0.2,pkt
PB1,Tracked,"MASON WHITE",,"37 PEPPER ROAD",CALVERTON,,"NG14 6LJ",NOTTINGHAM,UK,MASON,masonwhite10@hotmail.co.uk,359452,1,0.3,non
PB1,2ndclass,"Gavin Francis",,"ISS Facility Services Ltd","South Quay Plaza 3",,"E14 9SH","189 Marsh Wall",UK,Gavin,gavin.francis@uk.issworld.com,359455,1,0.3,pkt
PB1,Tracked,"Chris Bucksey",,"34 Norcot RD",Tilehurst,,"RG30 6BU",Reading,UK,Chris,pikeyuk@hotmail.com,359456,1,0.8,non
PB1,2ndclass,"Magdalena Rusinska",,"Granville Street 151",,,"G3 7EE",Glasgow,UK,Magdalena,magdalena.rusinska@wp.pl,359458,1,0.3,pkt
PB1,Tracked,"Saif Jamal",,"4 Wellfield Road",,,"BB2 6HE",Blackburn,UK,Saif,jammasterjamal@hotmail.co.uk,359464,1,0.4,non
PB1,Tracked,"Krists Livs",,"43 Tiger Court",,,"DE14 3PR","Burton On Trent",UK,Krists,kristsl@inbox.lv,359465,1,1.4,non
PB1,Tracked,"ewelina serafin",,"34 garfield terrace",,,"yo26 4xu",york,UK,ewelina,ewelinas@amorki.pl,359468,1,1.4,non
PB1,Tracked,"Monika Karwatka",,"79 Duston Road",,,nn55ar,Northampton,UK,Monika,m.karwatka287@wp.pl,359470,1,0.7,non
PB1,2ndclass,"beata sibiga",,"30 holyrood drive",,,"lu5 5fw","houghton regis",UK,beata,bertas22@interia.pl,359472,1,0.5,pkt
PB1,Tracked,"James Smith",,"C211 Rankin Hall","Elmswood Road",,"L18 8DN",Liverpool,UK,James,jns4499@gmail.com,359480,1,0.6,non
PB1,Tracked,"gary croft",,"24 partridge close",oakwood,,"wa3 6rf",warrington,UK,gary,mr_croft@hotmail.co.uk,359484,1,1.3,non
PB1,Tracked,"Hanna Marcol",,"57 Christchurch Drive",,,"NN11 4SW",Daventry,UK,Hanna,haniamarcol@wp.pl,359487,1,0.9,non
PB1,Tracked,"Krystian Fabiniak",,"47 pomarium street",,,ph28jf,Perth,UK,Krystian,fazi2255@wp.pl,359493,1,0.6,non
PB1,Tracked,"Damian Kocznur",,"60 Fergusson Road",,,"ox16 3hh",Banbury,UK,Damian,damiank8701@o2.pl,359494,1,2.1,non
PB1,2ndclass,"michael beresford","michael beresford","Mount Pleasant Farm Cottage",Snelston,,"DE6 2DJ",Ashbourne,UK,michael,sandfordgundogs@gmail.com,359496,1,0.2,pkt
PB1,2ndclass,"Jackie Moore",,"57 sheaf lane",sheldon,,"b26 3en",birmingham,UK,Jackie,jackiemadbird@yahoo.com,359497,1,0.2,pkt
PB1,Tracked,"Tracey Turner",,"11 Goldenhill Road",Longton,,"ST4 3DL","Stoke on Trent",UK,Tracey,turnertracey67@yahoo.co.uk,359498,1,0.3,non
PB1,Tracked,"Afua Danquah",,"14 Shobroke Close",,,"NW2 6YT",London,UK,Afua,afuadanquah@gmail.com,359500,1,0.6,non
PB1,2ndclass,"iwona wrobel",,"65 woodfield road",,,dn48hb,doncaster,UK,iwona,ivi22@interia.pl,359502,1,0.7,pkt
PB1,Tracked,"Jamie Matthews",,"47 saxon place","Horton Kirby",,DA49JQ,Dartford,UK,Jamie,jamiematthews15@ymail.com,359504,1,0.3,non
PB1,Tracked,"Katarzyna Kacperska",,"54 Fairfield Road",,,"UB8 1AL",London,UK,Katarzyna,kasiawaw@googlemail.com,359506,1,1.7,non
PB1,Tracked,"Gabriela Kazanska",,"Commercial Road 61 D",,,"ZE1 ONL",Lerwick,UK,Gabriela,gabi341@wp.pl,359512,1,1.0,non
PB1,Tracked,"Jonathan Haycock",,39,"Arlington Close",,"DY6 9PP",Kingswinford,UK,Jonathan,mj-haycock@virginmedia.com,359516,1,3.0,non
PB1,Tracked,"James Irvine",,"18 Warren Drive",Sedgley,,"DY3 3RQ",Dudley,UK,James,James.Irvine@Me.Com,359517,1,0.3,non
PB1,Tracked,"Blazej Kotowicz",,"47 Doctors Lane",,,"Le13 1Qb","Melton Mowbray",UK,Blazej,bazyli88@gmail.com,359518,1,0.2,non
PB1,Tracked,"Zaneta Iwanowicz",,"9 kilrush terrace","9 kilrush terrace",,"gu21 5eg",Woking,UK,Zaneta,zaneta.iwanowicz@wp.pl,359520,1,0.3,non
PB1,2ndclass,"Abdirahman Saed",,"5 geraint street",,,"L8 8hg",Liverpool,UK,Abdirahman,thedon122424@gmail.com,359522,1,0.2,pkt
PB1,Tracked,"Lukasz Hirsz",,"32 hazel road",,,"LE11 2JH",Loughborough,UK,Lukasz,lukasz.hirsz@hotmail.com,359525,1,0.5,non
PB1,Tracked,"Dariusz Fluks",,"45 BRUNNER AVENUE",SHIREBROOK,,"NG20 8RR",MANSFIELD,UK,Dariusz,joker95@o2.pl,359526,1,0.6,non
PB1,Tracked,"Eryka Oska",,"45 langton street",,,"pr1 8py",Preston,UK,Eryka,eryksien@wp.pl,359527,1,0.7,non
PB1,Tracked,"Kate Goliszek",,"28 Ilford Road",Erdington,,"B23 5HH",Birmingham,UK,Kate,kategpm@gmail.com,359530,1,1.4,non
PB1,2ndclass,"Stuart Johnson",,"20 Hampton Close",,,"TF10 7RB",Newport,UK,Stuart,s70johnson@gmail.com,359534,1,0.3,pkt
PB1,2ndclass,"Aneta Ciszewska",,"143 Creed Way",,,"B70 9JT",Birmingham,UK,Aneta,anetaciszewska@o2.pl,359537,1,0.6,pkt
PB1,Tracked,"MARCELINA JANIK",,"58 frinton road",,,"NG8 6gq",NOTTINGHAM,UK,MARCELINA,marcela605@wp.pl,359539,1,1.2,non
PB1,Tracked,"Shauna Berry",,"62 Grantham Avenue",Seaham,,SR78LX,Sunderland,UK,Shauna,shaunaleighberry@hotmail.co.uk,359540,1,0.2,non
PB1,Tracked,"Agnieszka Wasilewska",,"823 Aldridge road","Great Barr",,"B44 8NN",Birmingham,UK,Agnieszka,platynka07@wp.pl,359545,1,0.9,non
PB1,Tracked,"bozena horbowa",,"21 pinkhams twist",,,"bs14 0rj",bristol,UK,bozena,boszka27@interia.pl,359554,1,1.4,non
PB1,Tracked,"Katarzyna Maria Rydzewska",,"36StAndrews Road South","apartment 1",,"fy8 1ps",StAnnes,UK,"Katarzyna Maria",kasia82woj@yahoo.co.uk,359558,1,1.4,non
PB1,Tracked,"Anna Barnak",,"47 ravenshouse road",,,"Wf13 3qw",Dewsbury,UK,Anna,barnakanna@gmail.com,359561,1,0.8,non
PB1,Tracked,"William Penkeyman",,"Flat 7 Maple Gardens","411413 Wilmslow Road",,M204NN,Manchester,UK,William,willpenks@gmail.com,359568,1,1.6,non
PB1,Tracked,"ben prior",,"Unit 7 Dawley Brook Road",,,"DY6 7BD",Kingswinford,UK,ben,ben.prior@live.co.uk,359570,1,0.4,non
PB1,2ndclass,"julia griffiths",,"chapel house, chapel lane, llay",,,LL120PA,wrexham,UK,julia,jugriffiths70@gmail.com,359572,1,0.2,pkt
PB1,Tracked,"Mariusz Kanty",,"23 Moorfields Scott Hall Road",,,"Ls17 6sj",Leeds,UK,Mariusz,kanty@op.pl,359573,1,0.5,non
PB1,Tracked,"Beata Cecko",,"5 Williams Street",Langold,,"S81 9SQ",Worksop,UK,Beata,beatacecko2@o2.pl,359575,1,2.5,non
PB1,2ndclass,"Agnieszka Slowinska",1974,"65 Nursery Road",,,"TN4 9BY","Tunbridge Wells",UK,Agnieszka,agaslowinska@gmail.com,359578,1,0.3,pkt
PB1,Tracked,"Edward Elis Allbutt Morgan",,"12 Lochaber Street",Roath,,"CF24 3LS",Cardiff,UK,"Edward Elis",elismorgan91@hotmail.co.uk,359579,1,0.2,non
PB1,Tracked,"Andrew Smiriglia",,"38A Heol Waun-Y-Clun",Trimsaran,,"SA17 4BR",Kidwelly,UK,Andrew,sherlockhelms@hotmail.co.uk,359582,1,0.5,non
PB1,Tracked,"Sylwia Waluszek",,"14 Maltings Close",,,"CB5 8EB",Cambridge,UK,Sylwia,sylwiawaluszek@yahoo.co.uk,359584,1,0.4,non
PB1,Tracked,"Wojciech Koziol",,"5324 London Road",,,eh76aa,Edinburg,UK,Wojciech,sm7kaktus@onet.eu,359586,1,0.8,non
PB1,2ndclass,"Krzysztof Bargiel",,"51 Gosforth Road",,,BS106DL,Bristol,UK,Krzysztof,krzysztof221@hotmail.com,359588,1,0.2,pkt
PB1,Tracked,"Przemek Wadolowski",,"Victoria Road 9",,,"S80 2HF",Worksop,UK,Przemek,pwadolowski@wp.pl,359591,1,1.0,non
PB1,2ndclass,"javad javadi",,"27 edingley square",sherwod,,"ng5 3du",nottingham,UK,javad,javad37javadi@yahoo.com,359593,1,0.3,pkt
PB1,2ndclass,"james glover",,"65 kingsley crescent stonebroom",,,de556hw,alfreton,UK,james,jamesglover65@yahoo.co.uk,359595,1,0.2,pkt
PB1,Tracked,"Alison Robertson",,"29 Orwell place",,,"Ky12 7xp",Dunfermline,UK,Alison,Al1j@hotmail.co.uk,359596,1,0.3,non
PB1,2ndclass,"Vanessa Prieto",,"117 old christchurch",,,Bh11ep,Bournemouth,UK,Vanessa,vcpl28@gmail.com,359597,1,0.9,pkt
PB1,Tracked,"Andrew Reeves",,"4 Chiswick Terrace",,,"LS6 1QG",Leeds,UK,Andrew,haus.of.jensen@gmail.com,359598,1,3.0,non
PB1,2ndclass,"Magdalena Stawiarz",,"71 Regent Street",,,"WF1 5HR",Wakefield,UK,Magdalena,magdalena.stawiarz@interia.pl,359599,1,0.2,pkt
PB1,2ndclass,"Ali Hassan",,"West View","North Holmwood",,"RH5 4HN",Dorking,UK,Ali,alishassan@outlook.com,359601,1,0.2,pkt
PB1,Tracked,"Andrzej Mania",,21,"FAIRFIELD ROAD",,"DD3 8HR",DUNDEE,UK,Andrzej,michael.oleksy@gmail.com,359602,1,0.3,non
PB1,Tracked,"Tina Thorrington",,"Office S7, Maxet House","Liverpool Road",,"LU1 1RS",Luton,UK,Tina,tina@vuetec.com,359604,1,0.7,non
PB1,Tracked,"patricia assing",,"11 ashton house","chryssell road",,"sw9 6ne",brixton,UK,patricia,patricia_assing@hotmail.co.uk,359607,1,0.2,non
PB1,Tracked,"Anna kubica",,120,"THE NETTLEFOLDS",,"TF1 5PF",telford,UK,Anna,annakubica2@o2.pl,359608,1,0.4,non
PB1,Tracked,"Adrian Bak",Private,"40 Swanton Gardens",,,"SW19 6BL",London,UK,Adrian,adrianbak88@yahoo.co.uk,359611,1,2.7,non
PB1,Tracked,"ALICJA SARZYNSKA",,"12 MAPLE CLOSE",,,"OX2 9DZ",OXFORD,UK,ALICJA,sarzynka224@gmail.com,359614,1,0.4,non
PB1,Tracked,"Scott Drake",,"39 Upton Road",,,"DY10 2YB",Kidderminster,UK,Scott,scottdrake94@yahoo.com,359620,1,0.5,non
PB1,Tracked,"Raivis Bumeistars",,"19 Baxter Close",,,Pe133UU,wisbech,UK,Raivis,raivisb52@gmail.com,359621,1,1.2,non
PB1,Tracked,"Christina & Radu Nicolau",,"20 Grove Close",,,"KT1 2SS","Kingston Upon Thames",UK,Christina,christina.androne@gmail.com,359623,1,0.2,non
PB1,Tracked,"Kyle Davies",,"5 Banc yr Afon","Gwaelod y Garth",,"CF15 9TU",Cardiff,UK,Kyle,metaphyskyle@gmail.com,359624,1,1.0,non
PB1,Tracked,"lukasz kobrzeniecki",,"23 oliver street",,,cv65fb,Coventry,UK,lukasz,l.kobrzeniecki@vp.pl,359630,1,1.7,non
PB1,Tracked,"Edward Kelly",,"83 Pasture Crescent",Moreton,,"CH46 8SY",Wirral,UK,Edward,herbsmaster1@aol.com,359632,1,0.2,non
PB1,Tracked,"Krzysztof Serwin",,"106 Queenswood Gardens",,,"E11 3SF",London,UK,Krzysztof,kserwin@hotmail.co.uk,359633,1,1.1,non
PB1,Tracked,"Tomasz Zdankowski","grand union","55 charterhouse street",Farringdon,,"EC1M 6HA",London,UK,Tomasz,zdanektom@gmail.com,359636,1,1.8,non
PB1,Tracked,"Ehsan Zamani",,"81 Glendale Avenue",,,"HA8 8HF",Edgware,UK,Ehsan,ezamani786@gmail.com,359637,1,0.5,non
PB1,2ndclass,"arkadiusz sledz",,15,"Nursteed Close",,"sn10 3eu",Devizes,UK,arkadiusz,bubbakush@op.pl,359638,1,0.2,pkt
PB1,Tracked,"Adam Randall",,"86 Ashfield Avenue",,,WD234LN,Bushey,UK,Adam,mail@adamrandall.com,359641,1,0.4,non
PB1,2ndclass,"Darran Baker",,"1 The Birches","West End",,"SO18 5SR",Southampton,UK,Darran,darranbkr@yahoo.co.uk,359643,1,0.2,pkt
PB1,Tracked,"Dawid Pawllowski",,"51 Foundry Court","Mill Street",,"SL2 5FY",Slough,UK,Dawid,waski0-22@o2.pl,359644,1,0.5,non
PB1,Tracked,"Sergiusz Andrzejewski",,"CECIL ROAD 13",,,"E11 3HF",LONDON,UK,Sergiusz,sergiuszandrzejewskis@yahoo.com,359645,1,1.0,non
PB1,Tracked,"Vaidotas Gaulia",,"70 Glaisdale Gardens",,,"WV6 0TU",Wolverhampton,UK,Vaidotas,blangas2000@yahoo.com,359647,1,0.3,non
PB1,Tracked,"Dobrochna Zajas",,"28 Parkhurst road","28 Parkhurst road",,"N17 9RA",London,UK,Dobrochna,dobrochnazajas@yahoo.co.uk,359649,1,1.6,non
PB1,Tracked,"Dil Patel",,"15 Wordsworth road",,,"SE1 5TX",London,UK,Dil,dilpatel1991@hotmail.co.uk,359652,1,0.7,non
PB1,Tracked,"Charlotte Gallagher",,"Unit 6 Chiltonian Ind Estate","203 Manor Lane",,"SE12 0TX",Lee,UK,Charlotte,goth_kitty_witch@hotmail.com,359653,1,1.0,non
PB1,Tracked,"Jaroslaw Malecki",,"52 Primrose Place",,,"EH54 6RW",Livingston,UK,Jaroslaw,jarekm63@op.pl,359654,1,0.2,non
PB1,2ndclass,"Russell Chappell",,"40 wharfedale road",,,Sk56he,Stockport,UK,Russell,dirtyprettything77@yahoo.co.uk,359655,1,0.3,pkt
PB1,Tracked,"Sandra Filipczak",,"Flat 19 Envoy House","2 East Drive",,"NW9 5ZU",London,UK,Sandra,sandra.filipczak@onet.pl,359659,1,1.6,non
PB1,Tracked,"wei jack soo",,"Flat 18Granville Court","Cheney Lane",,"OX3 0HS",Oxfordshire,UK,"wei jack",swj_92@hotmail.com,359663,1,0.7,non
PB1,Tracked,"Kristian Carter",,"6 Mill Road",,,"NN16 0SB",Kettering,UK,Kristian,kristiancarter@hotmail.com,359664,1,0.5,non
PB1,Tracked,"Daniele Simon",,"Caraway Place 22",,,"st3 7fe","Stoke on Trent",UK,Daniele,hi.danisimon@gmail.com,359671,1,0.6,non
PB1,2ndclass,"darren richardson",,"38 goodale street",,,"de23 8qe",derby,UK,darren,drichie73@hotmail.co.uk,359674,1,0.3,pkt
PB1,Tracked,"Marcin Kesy",,"65 Maberly Street",,,AB251NA,Aberdeen,UK,Marcin,marcin.kesy@yahoo.co.uk,359676,1,1.1,non
PB1,Tracked,"Radosław Krawczyk",,"40 fold croft",,,"cm20 1se",Harlow,UK,Radosław,Holix12345@gmail.com,359681,1,1.3,non
PB1,Tracked,"Megan Matuszek",,"1 dale road",,,"SO16 6QF",Southampton,UK,Megan,mmatuszek1@wp.pl,359684,1,1.8,non
PB1,Tracked,"George Soteriades","george soteriades","7 Lincoln Place","7 Hulme Street",,"M1 5GL",Manchester,UK,George,georgesoteriades@hotmail.com,359686,1,1.6,non
PB1,Tracked,"brendan  Lord",,"42 cedars avenue",,,"e17 7qn",London,UK,brendan,brend70@hotmail.co.uk,359687,1,0.5,non
PB1,Tracked,"GRZEGORZ GLOGOWSKI",,"30 Bolton Road",,,"LE3 6AB",Leicester,UK,GRZEGORZ,gglogowski1@wp.pl,359691,1,0.6,non
PB1,2ndclass,"Andrew Thomson",,"5 Riverside View",Uzmaston,,"SA62 4AB",Haverfordwest,UK,Andrew,tommo6375@yahoo.co.uk,359696,1,0.2,pkt
PB1,2ndclass,"JAKUB KULPA",,"36 Chatsworth Avenue",,,"NN3 8JD",Northampton,UK,JAKUB,culpone@gmail.com,359697,1,0.8,pkt
PB1,2ndclass,"Patricia Owens",,"51a seacoast road",,,Bt499dw,Limavady,UK,Patricia,owens-p@email.ulster.ac.uk,359701,1,0.2,pkt
PB1,2ndclass,"Alicja Grabowska",,"58 Henderson Avenue",,,"DN15 7RU",Scunthorpe,UK,Alicja,alutka1111@op.pl,359703,1,0.5,pkt
PB1,Tracked,"Sebastian Karuc",,3apt,"2830 Circular road Mews",,"BT52 1GU",Coleraine,UK,Sebastian,seb.karuc@wp.pl,359714,1,4.4,non
PB1,2ndclass,"Daniel George",,"28 Canberra Drive","Bulford Barracks",,"SP4 9JW",Salisbury,UK,Daniel,bce147wizard@hotmail.co.uk,359717,1,0.2,pkt
PB1,2ndclass,"jpaul romualdo13",,"30 kinsbourne way","30 kinsbourne way",,"so19 6hb",southampton,UK,jpaul,jpaulastig13@yahoo.com,359719,1,0.2,pkt
PB1,Tracked,"JOANNA RADOMSKA",,"6B BEECH HOUSE ROAD",,,"CR0 1JP",CROYDON,UK,JOANNA,azjadwa300177@wp.pl,359721,1,0.7,non
PB1,2ndclass,"Justyna Stan",,"8 latimer close",,,"bs4 4fg",Bristol,UK,Justyna,justa.81@o2.pl,359727,1,0.4,pkt
PB1,Tracked,"Pawel Jaskulski",,"Willow Lane 46 flat 1",,,"HD1 6EB",Huddersfield,UK,Pawel,mucha3@op.pl,359729,1,0.3,non
PB1,Tracked,"Jacek Przepiorkowski",,"19 Middle Oxford St",,,"WF10 5DE",Castleford,UK,Jacek,messagevoice@gmail.com,359733,1,0.3,non
PB1,2ndclass,"Ewa Hutt",,"5 Chester St",,,"GL7 1HF",Cirencester,UK,Ewa,ewahutt@icloud.com,359735,1,0.4,pkt
PB1,Tracked,"Dzonatan Wisniewski",,Northfield,48,,"al10 0Ah",Hatfield,UK,Dzonatan,dzony8@o2.pl,359742,1,2.2,non
PB1,2ndclass,"Gergo Toth",,"3 Degas close",,,"CH5 4WQ","Connah's Quay",UK,Gergo,thgery89@gmail.com,359747,1,0.2,pkt
PB1,2ndclass,"Basia  Wrobel",,"2 high street",,,"de12 7hr",Measham,UK,Basia,barbarawrobel@hotmail.co.uk,359749,1,0.3,pkt
PB1,Tracked,"Agata Luczyk",,"47 Cavan Drive",,,"DE21 6TU",Derby,UK,Agata,agataluczyk@yahoo.co.uk,359752,1,0.5,non
PB1,Tracked,"Janet FraserKormeier",,"16 Hibaldstow Close","Doddington Park",,"LN6 3PY",Lincoln,UK,Janet,kormeier@rho.forthnet.gr,359755,1,0.6,non
PB1,Tracked,"Anna Wisniewska",,"25 St Johns Road",Dorset,,"BH15 2NB",Poole,UK,Anna,azanero@interia.pl,359761,1,1.3,non
PB1,Tracked,"Manny Oshunrinde","Pure Gym","11 skimpot road",,,"Lu4 0jb",Luton,UK,Manny,mannymuhammad@gmail.com,359764,1,1.3,non
PB1,Tracked,"Urszula Perdek",,"15 Maphoner Rd",,,"BT 35 9TP",Mullaghbawn,UK,Urszula,pusia1986@btinternet.com,359769,1,1.5,non
PB1,2ndclass,"Thomas Cope",,"184 mansfield road",,,"Ng21 9ae",Mansfield,UK,Thomas,tomcope84@gmail.com,359771,1,0.2,pkt
PB1,Tracked,"Damian Balasa",,"62A Princes Street",,,"PH2 8lj",Perth,UK,Damian,szaman47@wp.pl,359773,1,0.3,non
PB1,Tracked,"Janusz Sawicki",,"33  John Martin Gardens",,,"BT 35 8DZ",Newry,UK,Janusz,jacknewry@op.pl,359774,1,0.3,non
PB1,Tracked,"Sebastian Policzkiewicz",,"30 Harters Close",Coxley,,"BA5 1RE",Wells,UK,Sebastian,seb.pol11@yahoo.co.uk,359777,1,1.2,non
PB1,Tracked,"Nicole Cousins",,"13 Panmure Street","Flat 3L",,"DD1 2BG",Dundee,UK,Nicole,oo0nicole@hotmail.co.uk,359778,1,1.1,non
PB1,Tracked,"KATARZYNA ROKITA",,"92 CARRIGART MANOR",,,"BT65 5ET",CRAIGAVON,UK,KATARZYNA,kasia.rokita@wp.pl,359781,1,0.7,non
PB1,Tracked,"Artur Grzelinski",,"110 Great Stone Road",,,"M16 0HD",MANCHESTER,UK,Artur,torturo@o2.pl,359784,1,0.8,non
PB1,2ndclass,"Ola Akintola",,"24 Grange Road",,,"CR7 8SA","Thornton Heath",UK,Ola,mamaofdacent@hotmail.com,359785,1,0.3,pkt
PB1,Tracked,"Lee Hulmes",,10,"Lomond Avenue",,"FY8 3LX","Lytham St Annes",UK,Lee,leehulmes1983@googlemail.com,359786,1,0.4,non
PB1,Tracked,"Oliver Rose",,"3 Ely Gardens","Ely Street",,"CV37 6FB","Stratford Upon Avon",UK,Oliver,oliverrose3@hotmail.co.uk,359787,1,0.3,non
PB1,Tracked,"Stefan Foldi",,"37 Hornbeam Close","Bradley Stoke",,"BS32 8FE",Bristol,UK,Stefan,s.foldi@yahoo.co.uk,359789,1,0.9,non
PB1,Tracked,"Daniel Blazejewski",,147,"Henley Road",,"MK40 4FZ",Bedford,UK,Daniel,blazej83@poczta.fm,359790,1,0.7,non
PB1,Tracked,"Carl Heyes",,"55 John street",,,S630lt,Rotherham,UK,Carl,Carlheyes16@hotmail.co.uk,359792,1,0.5,non
PB1,Tracked,"barry bushby",,"132 seamer road",,,"yo12 4ey",scarborough,UK,barry,rollers1@hotmail.co.uk,359793,1,0.5,non
PB1,Tracked,"Wanda Sitarz",,"16 StJohns Wood Terrace",,,"NW8 6JJ",London,UK,Wanda,dusia55@hotmail.com,359795,1,0.3,non
PB1,2ndclass,"Joshua Moutrey",,"42 Bramble Road",,,AL109SA,hatfield,UK,Joshua,joshmoutrey@sky.com,359801,1,0.2,pkt
PB1,Tracked,"Sandra Drzewiecka",,"2 Neisland Street",,,"ml3 8jw",Hamilton,UK,Sandra,sandradrzewiecka24@wp.pl,359803,1,0.9,non
PB1,Tracked,"A Szymusik",,"40 Tooting High Street","2nd floor",,"Sw17 org",London,UK,A,annaszymusik@wp.pl,359809,1,2.0,non
PB1,Tracked,"Craig Tamblyn",,"29 Treryn close",Stblazey,,Pl242ll,Par,UK,Craig,Craigtamblyn@hotmail.com,359811,1,0.4,non
PB1,Tracked,"Mateusz Dobosz",,"80 lambourne close",,,W72LN,Londyn,UK,Mateusz,Dziara3@yahoo.com,359812,1,0.6,non
PB1,Tracked,"Rebecca Tyler","Shine Group Primrose studios","109 Regents park road",,,"NW1 8UR",camden,UK,Rebecca,bequatyler@gmail.com,359814,1,0.9,non
PB1,Tracked,"David Bull","Colliers Arms","37 Pimbo Road","kings moss",,wa118rd,"st helens",UK,David,daaaaaave@btinternet.com,359815,1,0.4,non
PB1,Tracked,"marlena pawlik",,"north road 221",,,"sw19  1tp",london,UK,marlena,marlenavictoriapawlik@gmail.com,359817,1,0.7,non
PB1,Tracked,"Amy Assad",,"65 Blandford Road",,,"W41 EA",Chiswick,UK,Amy,amyassad@hotmail.com,359819,1,0.3,non
PB1,Tracked,"pawel prus",,"2F Ravensdale",,,"SN1 7AN",Swindon,UK,pawel,div2@vp.pl,359829,1,0.5,non
PB1,Tracked,"martin fothergill",,"4 parkfield close",,,"b62 0hl",halesowen,UK,martin,mfothergill@blueyonder.co.uk,359831,1,0.9,non
PB1,Tracked,"Sacha Benfredj",,"135 Church Road","Little Heath",,"EN6 1EU","Potters Bar",UK,Sacha,sachaben@hotmail.com,359832,1,0.3,non
PB1,Tracked,"natalia taylor","hampstead hill school","pond str",,,"nw3 2pp",london,UK,natalia,n25taylor@yahoo.com,359833,1,0.6,non
PB1,Tracked,"Terence Chan",,"45 Kenmare Road",,,"L15 3HG",Liverpool,UK,Terence,terencechan2@hotmail.com,359834,1,0.5,non
PB1,Tracked,"Toby Yorke",,"The Parsonage School Road","Waltham St Lawrence",,"RG10 0NU",Reading,UK,Toby,yorketoby@gmail.com,359837,1,0.3,non
PB1,Tracked,"amanda sykes",,"1 st marys mount",,,"bd12 8ra",bradford,UK,amanda,mandie82@live.co.uk,359838,1,0.4,non
PB1,Tracked,"matthew francis - nichols",,"214 exning road",,,"cb8 0ah",newmarket,UK,matthew,matthew.francis-nichols@ntlworld.com,359841,1,1.3,non
PB1,2ndclass,"zaneta wlodarczak",,"9 millfields court",,,"dy13 9gp",stourportonsevern,UK,zaneta,zu1zia@aol.com,359843,1,0.6,pkt
PB1,Tracked,"Hanah Dosanjh","Hanah Dosanjh","10 Poplar Road",,,"ME2 2NR",Rochester,UK,Hanah,hd83@kent.ac.uk,359856,1,3.0,non
PB1,Tracked,"Elizabeth Bradshaw",,"Highlands Alresford Road",Wivenhoe,,"CO7 9JX",Colchester,UK,Elizabeth,liz.ate1@btinternet.com,359857,1,0.3,non
PB1,Tracked,"Frances Pishhorn",,"204 Penn Road",,,"HP15 7NU",Hazlemere,UK,Frances,Fgp2503@hotmail.co.uk,359858,1,0.6,non
PB1,Tracked,"Marcus Hunte-Pottinger",,"30 Nile Drive",Edmonton,,"N9 0FH",London,UK,Marcus,marcushuntepottinger2011@gmail.com,359860,1,1.2,non
PB1,Tracked,"Bethan Davies",,Lowlands,Llanwrda,,"SA19 8HD",Carmarthenshire,UK,Bethan,bethdotdee@gmail.com,359862,1,0.8,non
PB1,Tracked,"ewelina razny",,"105 hebden rd",,,"L11 9AN",LIVERPOOL,UK,ewelina,grzesiek.krk.83@wp.pl,359870,1,1.0,non
PB1,Tracked,"Katarzyna Zimolag","Bruce Grove Primary School","Sperling Road Tottenham",,,"N17 6UH",London,UK,Katarzyna,kasiek77@yahoo.co.uk,359872,1,1.3,non
PB1,Tracked,"roksana  sulek",,"19 burywell rd",,,"nn8 4gb",wellingborough,UK,roksana,debest@autograf.pl,359877,1,0.5,non
PB1,2ndclass,"jack richardson",,"3 cherry close",,,"wa12 9hq","newton le willows",UK,jack,suz_uki@hotmail.co.uk,359896,1,0.2,pkt
PB1,Tracked,"alisdair marshall",,"12 alexander the 3rd street",,,"ky3 9sd",kinghorn,UK,alisdair,marshall-laad08@hotmail.com,359898,1,0.4,non
PB1,Tracked,"Luke Spragg",,"38 badger close",,,Tw137ha,Feltham,UK,Luke,luke_dogg7@hotmail.co.uk,359902,1,1.3,non
PB1,2ndclass,"James Tranter",,"125 Lynton road",,,"hp5 2bp",Chesham,UK,James,digital.j.83@hotmail.com,359903,1,0.3,pkt
PB1,2ndclass,"Joseph Taylor",,"3 clos william price",,,Cf374au,Pontypridd,UK,Joseph,ta.ylor@me.com,359908,1,0.2,pkt
PB1,Tracked,"Artur Aniolowski",,"131 D Main Street",,,"FK17 8BH",Callander,UK,Artur,artur890017@gmail.com,359910,1,0.3,non
PB1,2ndclass,"PAUL HORSEMAN",,"C/o JORDANS LTD","21 ST THOMAS STREET",,"BS1 6JS",BRISTOL,UK,PAUL,paul.horseman@live.co.uk,359912,1,0.2,pkt
PB1,Tracked,"Jamie Cunningham",,"1 Sentry Hill",,,"BT43 6NE",Ballymena,UK,Jamie,zuewee@hotmail.com,359919,1,0.9,non
PB1,Tracked,"anna jaskulska",,"5 riverside terrace",mayobridge,,"bt34 2rr",newry,UK,anna,ania.jaskulska@interia.pl,359921,1,1.8,non
PB1,Tracked,"Adrian Dykas",,"29 Farrier court",,,eh477qn,Blackburn,UK,Adrian,boler1125@wp.pl,359930,1,2.7,non
PB1,2ndclass,"ewa wozniak",,"14Woodvale Kingsway",,,"GL2 2AU",Gloucester,UK,ewa,ewawozniak@hotmail.co.uk,359935,1,0.6,pkt
PB1,Tracked,"Kevin Strong","Mediaworks Online Marketing",Princesway,"Team Valley Trading Estate",,NE110NF,Gateshead,UK,Kevin,kev@goosh.co.uk,359937,1,0.4,non
PB1,Tracked,"Ewelina Nowak",,"47 Sloan street",,,"SW1X 9 LU",London,UK,Ewelina,ewelina.nowak7@gmail.com,359943,1,1.3,non
PB1,Tracked,"S Smith",,"2 Pritchard Close","West Haddon",,"NN6 7BN",Northamptonshire,UK,S,stejsmith@hotmail.com,359947,1,0.8,non
PB1,Tracked,"Jason Holt",,"26 New Cottages",Anmer,,"PE31 6RN","Kings Lynn",UK,Jason,hooray4heymate@hotmail.co.uk,359948,1,0.2,non
PB1,Tracked,"Viktoryia Nestserava",,"Pratts hotel south parade",,,"BA2 4AB",Bath,UK,Viktoryia,viktoria.nst@hotmail.com,359950,1,0.2,non
PB1,Tracked,"PHIL SHILSON",,"228 CRESCENT DRIVE,","PETTS WOOD",,BR51AX,KENT,UK,PHIL,p.shilson@sky.com,359952,1,0.3,non
PB1,Tracked,"Krystyna Markowska",,"80 Oatlands Drive",,,"SL1 3HU","Slough (Anglia)",UK,Krystyna,buma76@op.pl,359953,1,1.2,non
PB1,Tracked,"Hayley Garraway","thackeray dental care","46 rufford avenue mansfield",,,ng182bt,nottinghamshire,UK,Hayley,matthews-6@hotmail.com,359955,1,0.6,non
PB1,Tracked,"michal  pulkowski",,"Derwent hotel","belgrave road",,"TQ2 5HS",Torquay,UK,michal,bumbec@o2.pl,359963,1,0.5,non
PB1,Tracked,"ADRIAN KUZNOWICZ","Adrian Kuznowicz","Flat 4 Tilbury House","Calcutta Road",,RM187QA,Tilbury,UK,ADRIAN,adrian83ktothez@wp.pl,359964,1,1.5,non
PB1,Tracked,"Dorota Szczepanek",,33,"Lakeen Road",,"DN2 5HB",Doncaster,UK,Dorota,dszczepanek@tlen.pl,359966,1,0.8,non
PB1,Tracked,"Marcin Wachowicz",,"33 St Georges Court, Eaton Avenue",,,"hp12 3eu","High Wycombe",UK,Marcin,niusiet82@onet.eu,359968,1,0.3,non
PB1,Tracked,"Wojciech Szulc",,"42 Colwick Road",,,Ng24da,Nottingham,UK,Wojciech,szulas89@gmail.com,359974,1,0.1,non
PB1,Tracked,"paul butler",,"25 Alcester road",feckenham,,B966jd,Redditch,UK,paul,pauljmbutler2@hotmail.co.uk,359977,1,0.4,non
PB1,Tracked,"Ian White",,"Flat 5 3 Belvedere Grove",,,"SW19 7RQ",Wimbledon,UK,Ian,ianwhite0187@gmail.com,359978,1,0.2,non
PB1,2ndclass,"agnieszka misztal",,"15 plover close",,,"tw18 4rw",staines,UK,agnieszka,agimisztal@gmail.com,359985,1,0.7,pkt
PB1,Tracked,"Aleksandra Suszka",,"4 Medlar Croft",,,"s75 2ex",Barnsley,UK,Aleksandra,Mgr.aleksandrasuszka@wp.pl,359992,1,1.0,non
PB1,Tracked,"wojciech krepic",,"101 the grange",,,"bt 67 9bu",lurgan,UK,wojciech,wojciech.krepic@gmail.com,359994,1,2.7,non
PB1,2ndclass,"richard collings",,"28b bramber avenue",,,bn108hr,peacehaven,UK,richard,richiecollings@yahoo.co.uk,359997,1,0.2,pkt
PB1,Tracked,"Mr Gabor Kovacs",,"16 Victoria Avenue",,,HA96QE,London,UK,Mr,gabor.hkovacs@me.com,359998,1,1.3,non
PB1,Tracked,"josephine kuan",,"st marys college","elvet hill road",,"DH1 3LR",durham,UK,josephine,gigikuan@hotmail.com,359999,1,0.3,non
PB1,Tracked,"jolanta piekut",,"27 THE CLOSE UNION RD BRIDGE","27 THE CLOSE UNION RD BRIDGE",,"CT4 5NJ",CANTERBURY,UK,jolanta,jola102@poczta.fm,360004,1,0.9,non
PB1,Tracked,"MARIUSZ WYSOCKI",,"106 queen street",,,DE143LR,"BURTON ON TRENT",UK,MARIUSZ,mariusz7387@wp.pl,360007,1,1.5,non
PB1,Tracked,"Paulo Semedo",,"18 Brookfield Road",,,"BT71 6UH",Dungannon,UK,Paulo,mopaulinho_2009@hotmail.com,360008,1,3.4,non
PB1,Tracked,"june gummer",,"104 middlemoor rd",,,"GU16 8DA",Frimley,UK,june,june.gums@ntlworld.com,360011,1,0.4,non
PB1,Tracked,"Grazyna Wereik",,"8 Jordans",,,"AL7 2HD","Welwyn Garden City",UK,Grazyna,dominika2005@gmail.com,360013,1,0.6,non
PB1,2ndclass,"Mark Kaye of Durham",,"unit 15 Morrison Ind Est North","Annfield Plain, Stanley",,"DH9 7RU",Durham,UK,Mark,mark@markkayeofdurham.co.uk,360015,1,0.2,pkt
PB1,2ndclass,"Cindy Hawkins",,Millstones,"9, Mill Road",,PE284BD,"Little Stukeley",UK,Cindy,cmh2107@gmail.com,360016,1,0.6,pkt
PB1,2ndclass,"Lyn Houghton",,"Gardeners Cottage","Lynn Road",,"CB7 4TD",Littleport,UK,Lyn,lyn.papillon@tiscali.co.uk,360017,1,0.6,pkt
PB1,Tracked,"Bartosz Lysikowski",,"26 Moor Allerton Crescent",,,"LS17 6SH",Leeds,UK,Bartosz,redhed@interia.pl,360019,1,0.9,non
PB1,Tracked,"James Treviso",,"62 Clos Glanlliw",Pontlliw,,"SA4 9EH",Swansea,UK,James,treviso_12@hotmail.co.uk,360020,1,0.9,non
PB1,Tracked,"Ulrike  Scrooby","Cadogan Tate","90A Alpha House","Durnsford Road",,"SW19 8HQ",London,UK,Ulrike,ulrikescrooby@gmail.com,360025,1,1.5,non
PB1,Tracked,"Adam Salisbury",,"15 Coppice Road",Winterley,,CW114RN,Sandbach,UK,Adam,sales@killahertz-acoustics.co.uk,360026,1,0.5,non
PB1,2ndclass,"waqas hussain",,"260 manley road",chorlton,,"m21 0rd",manchester,UK,waqas,waqas087@hotmail.co.uk,360028,1,0.2,pkt
PB1,2ndclass,"Rebecca Scott",,"32 Morven Place",,,"AB11 8EU",Aberdeen,UK,Rebecca,rjscott_@hotmail.co.uk,360029,1,0.2,pkt
PB1,Tracked,"Doug Henderson",CircleSquare,"The Tanneries","55 Bermondsey St",,"SE1 3XG",London,UK,Doug,dougodude@yahoo.com,360033,1,0.4,non
PB1,2ndclass,"Anita Koprowska",,"415 a NORTH END ROAD",,,"SW6 1NS",LONDON,UK,Anita,akoprowska@yahoo.co.uk,360042,1,0.2,pkt
PB1,2ndclass,"Jon Turner",,"65 Crawford Avenue",,,"M29 8ET",Tyldesley,UK,Jon,turnej1@btinternet.com,360051,1,0.1,pkt
PB1,Tracked,"Muriel Todd",,"51 Casaeldona Park",,,"BT6 9RD",Belfast,UK,Muriel,muriel.todd1@virginmedia.com,360053,1,2.6,non
PB1,Tracked,"Remigiusz Ludwikowski",,"17 Dalefield Avenue",,,"WF6 1HT",Normanton,UK,Remigiusz,lukasz2987@interia.pl,360054,1,0.8,non
PB1,Tracked,"Christopher Mills",,"45A Yew tree Lane","West Derby",,"L12 9HG",Liverpool,UK,Christopher,millsy_lfc@hotmail.co.uk,360063,1,0.2,non
PB1,2ndclass,"Sylwia Banaszkiewicz",,"4 Garden Houses",,,"NE21 5DW","Blaydon on Tyne",UK,Sylwia,sylwia.banaster@hotmail.com,360065,1,0.4,pkt
PB1,2ndclass,"MALGORZATA GMITRZUK",,"805 MILL HOUSETHE MILL","COLLEGE STREET",,"IP4 1FW",IPSWICH,UK,MALGORZATA,gogaa1975@interia.pl,360069,1,0.4,pkt
PB1,2ndclass,"louis todd",,"kwik fit","morpeth road",,NE638QG,Ashington,UK,louis,lupolouie@yahoo.co.uk,360075,1,0.4,pkt
PB1,2ndclass,"katarzyna kwilinska",,kajjjao2pl,,,"pr1 8pe",preston,UK,katarzyna,kajjja@o2.pl,360077,1,0.3,pkt
PB1,Tracked,"Charles Baker",,"36 Longford Street",,,"DE22 1GH",Derby,UK,Charles,crossfitderby@gmail.com,360081,1,0.6,non
PB1,Tracked,"Emma Lane",,"61 Holford road",,,"Ta6 7nt",Bridgwater,UK,Emma,Em_washer@yahoo.com,360086,1,0.5,non
PB1,Tracked,"Zoltan Dudas",,"Manor House North Lane",,,GU315NN,"South Harting",UK,Zoltan,d.zoli@citromail.hu,360091,1,1.3,non
PB1,Tracked,"Tristan Lawson",,"16 summerhouse ave","Hounslow west",,"tw5 9da",london,UK,Tristan,tristan_lawson@hotmail.com,360092,1,0.9,non
PB1,2ndclass,"IZADORA EVANS",,"146 PARKSIDE ESTATE","RUTLAND ROAD",,"E9 7LA",LONDON,UK,IZADORA,izadora_evans@hotmail.co.uk,360095,1,0.9,pkt
PB1,Tracked,"Gary Williams",,"Apartment 27 Harrison View","Bailey Avenue",,FY81FH,"Lytham St Annes",UK,Gary,gwizz66@gmail.com,360097,1,0.5,non
PB1,Tracked,"barbara szymczykowska",,"26 bramble close",,,"ng6 0qg",nottingham,UK,barbara,basia-sz7@wp.pl,360099,1,0.4,non
PB1,2ndclass,"ramone aujla",,"573 welford road","west knighton",,"le2 6fp",leicester,UK,ramone,mc_jatt3000@hotmail.com,360101,1,0.3,pkt
PB1,Tracked,"Anicenta swider",,"1 clive road",,,"ox4 3ej",oxford,UK,Anicenta,czarnanitka@buziaczek.pl,360102,1,1.8,non
PB1,Tracked,"LUKASZ SOLTOWSKI","Lukasz Soltowski","30 AITCHISON DRIVE",,,"FK5 4PB",LARBERT,UK,LUKASZ,faust5@op.pl,360103,1,1.3,non
PB1,2ndclass,"Małgorzata Kobielska",,"52 Rowley Street","52 Rowley St",,"ST16 2RH",Stafford,UK,Małgorzata,malgosia.kobielska@onet.eu,360110,1,0.3,pkt
PB1,Tracked,"David White",,"88 Sherwood Park Road",,,"CR4 1NE",Mitcham,UK,David,davewhitebeddo@hotmail.com,360118,1,1.5,non
PB1,2ndclass,"Alexander Dengate",,"71 Justin's Avenue",,,"CV37 0DE",Stratford-upon-Avon,UK,Alexander,alexdengate100@aol.com,360121,1,0.3,pkt
PB1,2ndclass,"Lewis Windeatt",,"34 Vernon Street",,,"LN5 7QR",Lincoln,UK,Lewis,lewiswindeatt@gmail.com,360122,1,0.2,pkt
PB1,Tracked,"Lukasz Czabaj",,"CNR International","Guild Street",,"AB11 6NJ",Aberdeen,UK,Lukasz,kurcik@poczta.onet.pl,360128,1,0.2,non
PB1,Tracked,"Tiffany Brien",,"27 Clanbrassil Road",,,"BT18 0AR",Holywood,UK,Tiffany,tiffbrien@hotmail.com,360133,1,0.2,non
PB1,2ndclass,"Rob Allen",,"Apartment 20","3 The Triangle, 2 Burley rd",,"LS3 1JG",Leeds,UK,Rob,5robzo@gmail.com,360135,1,0.2,pkt
PB1,2ndclass,"DAN JAMIESON",,"9 MINISTER COURT",FROGMORE,,AL22NF,"ST ALBANS",UK,DAN,dan.jamieson@landlinc.co.uk,360139,1,0.1,pkt
PB1,Tracked,"Melissa Uttley",,Fieldway,"Worster Road",,SL69JG,"Cookham Rise",UK,Melissa,lily_succubus@hotmail.com,360140,1,0.9,non
PB1,Tracked,"Jon Walters",,"1 pine tree road",,,Ab315ja,Banchory,UK,Jon,Jonwalters@live.co.uk,360142,1,2.9,non
PB1,Tracked,"Anas Khan",,"59 Kirkland close",,,"Bb1 5jf",Blackburn,UK,Anas,Anaskhan@hotmail.com,360143,1,0.9,non
PB1,2ndclass,"Paulina Kasiewska",,"24 Gullane Drive",,,"ML5 5GF",Coatbridge,UK,Paulina,paulaaa0310@interia.pl,360148,1,0.3,pkt
PB1,Tracked,"Patryk Kurpiewski",,"24 gullane drive",,,ml55gf,coatbridge,UK,Patryk,klapcio13@wp.pl,360149,1,2.6,non
PB1,2ndclass,"James Webb",,"18 wharley hook",,,"cm18 7dn",harlow,UK,James,webs_360@hotmail.co.uk,360150,1,0.2,pkt
PB1,Tracked,"Grzegorz Guziak",,"8 Carriage Court","Talbot Street",,WF62BA,Normanton,UK,Grzegorz,guzi.db@wp.pl,360151,1,0.9,non
PB1,2ndclass,"salman riaz",,"24, lightship way",,,"c02 8fr",Colchester,UK,salman,salmanriaz009@yahoo.com,360152,1,0.2,pkt
PB1,Tracked,"Manda Graham",,"15/1 Grosvenor Crescent",,,"EH12 5EL",Edinburgh,UK,Manda,mandagraham303@gmail.com,360154,1,0.3,non
PB1,Tracked,"Przemek Gorski",,"4 neville road",,,"ch3 5tp",Chester,UK,Przemek,przemorugby@poczta.onet.pl,360155,1,1.5,non
PB1,Tracked,"Lauren Rugg",,"29 Rope Walk",,,"EH32 9BJ",Prestonpans,UK,Lauren,sonya.rugg@btopenworld.com,360156,1,0.3,non
PB1,2ndclass,"Carol Taylor",,Peasholme,"Derby Rd",,"DE4 4AQ",Matlock,UK,Carol,carol.taylor1@btinternet.com,360160,1,0.2,pkt
PB1,Tracked,"Patryk Chudzik",,132A,"Larchmont Road",,LE40BW,Leicester,UK,Patryk,pat_k2@wp.pl,360161,1,0.5,non
PB1,Tracked,"Sue Jaggar",,"Croft Closes Farm",Giggleswick,,"BD24 0DS",Settle,UK,Sue,sue@millfieldstud.co.uk,360162,1,2.9,non
PB1,Tracked,"Zach Baigent",,"5 The Orchard",,,"CH45 5JN",Wallasey,UK,Zach,zachbaigent@hotmail.co.uk,360163,1,1.3,non
PB1,Tracked,"Katarzyna Kozlik",,"20 Gloucester Court",,,Ta11tf,Taunton,UK,Katarzyna,Katrinek3@aol.com,360167,1,0.7,non
PB1,Tracked,"Anish Joshi",,"28 Brookvale Road",,,"SO17 1QP",Southampton,UK,Anish,anishjoshi@hotmail.co.uk,360170,1,0.2,non
PB1,Tracked,"Emily Cafearo",,"38 withy trees road","South Littleton",,Wr118yb,Evesham,UK,Emily,emily_the_egg@hotmail.co.uk,360172,1,2.1,non
PB1,Tracked,"Sebastian Stachon",,"21 Duke Place",,,"EH6 8HP",Edinburgh,UK,Sebastian,jiggans@gmail.com,360174,1,0.4,non
PB1,Tracked,"Simi Johal",,"47 Hyde Way",,,"UB3 4PB",Hayes,UK,Simi,simipud@yahoo.co.uk,360181,1,0.3,non
PB1,Tracked,"marcin mikolajczak",,"200 downs barn boulevard","downs barn",,"mk14 7qh","milton keynes",UK,marcin,focus263@wp.pl,360184,1,3.0,non
PB1,2ndclass,"Carlos Camacho",,"94 ridgeways",,,Cm179hg,Harlow,UK,Carlos,Jcdscamach@gmail.com,360188,1,0.5,pkt
PB1,Tracked,"Rafal Sekreta",,"18 West Walk",,,"NG2 4QY",Nottingham,UK,Rafal,cixol@onet.eu,360191,1,0.5,non
PB1,Tracked,"delmore gumbs",,"48 tennyson road",,,wv108ne,wolverhampton,UK,delmore,troy805@msn.com,360192,1,0.5,non
PB1,Tracked,"Andreas Christou",,"Horton Halls","St Georges Grove",,"SW17 0BD",London,UK,Andreas,achristou92@gmail.com,360197,1,1.1,non
PB1,Tracked,"Dan Carroll",,"25 Cobden Crescent",Bitterne,,"SO18 4EX",Southampton,UK,Dan,danc120@hotmail.com,360200,1,0.4,non
PB1,Tracked,"Achal Bhagi",,"5 student village",Sketty,,"SA2 7PG",Swansea,UK,Achal,achal94@hotmail.com,360203,1,0.3,non
PB1,Tracked,"MR PETER DULICSEK",,"14 GORDON STREET",,,DN11RS,DONCASTER,UK,MR,donpet@freemail.hu,360205,1,0.9,non
PB1,Tracked,"jessica gannon",,"45 garrick close",,,kt125nz,Hersham,UK,jessica,dancinginpinl@hotmail.com,360206,1,1.8,non
PB1,2ndclass,"Reece Suffield",,"73 Hartley Avenue",,,"NE26 3NS","Whitley Bay",UK,Reece,reece.suffield@yahoo.co.uk,360210,1,0.2,pkt
PB1,Tracked,"Micah Macfarlane",,"Flat 28","Bournes House",,"N15 6EH",London,UK,Micah,micahmacfarlane@hotmail.com,360216,1,0.4,non
PB1,Tracked,"Andreas Cola",,"52 Coleshill road",Curdworth,,"B76 9HA","Sutton Coldfield",UK,Andreas,cheesey_panda@hotmail.co.uk,360219,1,1.3,non
PB1,Tracked,"Sebastian Kaczanowski",,"90 Parkwood Road",Beeston,,"LS11 5QZ",Leeds,UK,Sebastian,sebastiankac@poczta.fm,360222,1,2.7,non
PB1,2ndclass,"mike botes",,"12 castle rise","castle street",,hp136fq,"high wycombe",UK,mike,mikebotesxx@gmail.com,360223,1,0.2,pkt
